Administrative region;Cultivation;Yield [tFM ha^-1], M;Yield [tFM ha^-1], SD;Yield [tFM ha^-1], Min;Yield [tFM ha^-1], Max;Distribution;Source
Lower Bavaria;Amaranth;3.51;0.35;2.19;4.8;Normal;Basic data for the implementation of the Fertilizer Ordinance, for consulting and planning and for calculations (LfL, 2023)
Lower Bavaria;Amaranth whole crop silage;35.04;3.5;22.1;50.26;Normal;Basic data for the implementation of the Fertilizer Ordinance, for consulting and planning and for calculations (LfL, 2023)
Lower Bavaria;Buckwheat;2.5;0.25;1.5;3.42;Normal;Basic data for the implementation of the Fertilizer Ordinance, for consulting and planning and for calculations (LfL, 2023)
Lower Bavaria;Buckwheat whole crop silage;17.98;1.82;10.89;24.62;Normal;Basic data for the implementation of the Fertilizer Ordinance, for consulting and planning and for calculations (LfL, 2023)
Lower Bavaria;Cereal whole crop silage;26.36;2.75;14.66;38.18;Normal;Yields per hectare in Bavaria 1958 - 2022, LfStat (2022)
Lower Bavaria;Durum wheat;5.77;0.43;4.09;7.44;Normal;Yields per hectare in Bavaria 1958 - 2022, LfStat (2022)
Lower Bavaria;Fava beans;3.15;0.57;1.09;5.75;Normal;Yields per hectare in Bavaria 1958 - 2022, LfStat (2022)
Lower Bavaria;Field grass;9.09;1.41;3.41;14.02;Normal;Yields per hectare in Bavaria 1958 - 2022, LfStat (2022)
Lower Bavaria;Flowering mixture, year 1;4.55;0.45;2.82;6.31;Normal;Veitshöchheim hemp mix, Agrokraft GmbH, Bund Naturschutz in Bayern e.V. (2023)
Lower Bavaria;Flowering mixture, year 2;5.85;0.58;3.48;8.46;Normal;Veitshöchheim hemp mix, Agrokraft GmbH, Bund Naturschutz in Bayern e.V. (2023)
Lower Bavaria;Fodder peas;3.4;0.34;2.11;4.64;Normal;Yields per hectare in Bavaria 1958 - 2022, LfStat (2022)
Lower Bavaria;Legume mixture;2.5;0.25;1.66;3.42;Normal;Basic data for the implementation of the Fertilizer Ordinance, for consulting and planning and for calculations (LfL, 2023)
Lower Bavaria;Legume whole crop silage;8.42;1.08;4.45;12.37;Normal;Yields per hectare in Bavaria 1958 - 2022, LfStat (2022)
Lower Bavaria;Lupins;2.72;0.49;0.96;4.48;Normal;Yields per hectare in Bavaria 1958 - 2022, LfStat (2022)
Lower Bavaria;Maize grain;10.17;1;6.11;14.21;Normal;Yields per hectare in Bavaria 1958 - 2022, LfStat (2022)
Lower Bavaria;Maize silage;48.44;4.85;30.53;65.4;Normal;Yields per hectare in Bavaria 1958 - 2022, LfStat (2022)
Lower Bavaria;Oats;4.78;0.4;3.04;6.21;Normal;Yields per hectare in Bavaria 1958 - 2022, LfStat (2022)
Lower Bavaria;Pastures, mowed pastures, alpine pastures;6.11;1.26;1.56;10.95;Normal;Yields per hectare in Bavaria 1958 - 2022, LfStat (2022)
Lower Bavaria;Permanent grassland;7.4;0.97;3.86;10.96;Normal;Yields per hectare in Bavaria 1958 - 2022, LfStat (2022)
Lower Bavaria;Potatoes;42.68;5.17;23.45;63.23;Normal;Yields per hectare in Bavaria 1958 - 2022, LfStat (2022)
Lower Bavaria;Quinoa;3.01;0.3;1.81;4.33;Normal;Basic data for the implementation of the Fertilizer Ordinance, for consulting and planning and for calculations (LfL, 2023)
Lower Bavaria;Quinoa whole crop silage;18;1.8;11.63;24.17;Normal;Basic data for the implementation of the Fertilizer Ordinance, for consulting and planning and for calculations (LfL, 2023)
Lower Bavaria;Rapeseed whole crop silage;35.03;3.46;23.15;48.73;Normal;Basic data for the implementation of the Fertilizer Ordinance, for consulting and planning and for calculations (LfL, 2023)
Lower Bavaria;Rye;5.43;0.52;3.45;7.33;Normal;Yields per hectare in Bavaria 1958 - 2022, LfStat (2022)
Lower Bavaria;Silphia;54.05;17.83;0;119.92;Normal;Yield stability, establishment and environmental parameters of perennial energy crops - permanent crops II, Förster et al. (2021)
Lower Bavaria;Sorghum;5;0.5;3.03;6.79;Normal;Variety screening of cultivars by Technology and Support Center (TFZ)
Lower Bavaria;Sorghum whole crop silage;50.88;10.54;13.62;91.5;Normal;Variety screening of cultivars by Technology and Support Center (TFZ)
Lower Bavaria;Soy bean;3.06;0.33;1.84;4.26;Normal;Yields per hectare in Bavaria 1958 - 2022, LfStat (2022)
Lower Bavaria;Sugar beets;87.78;9.44;55.04;122.84;Normal;Yields per hectare in Bavaria 1958 - 2022, LfStat (2022)
Lower Bavaria;Summer barley;5.01;0.46;3.15;6.61;Normal;Yields per hectare in Bavaria 1958 - 2022, LfStat (2022)
Lower Bavaria;Summer mixed cereals;4.27;0.71;1.67;6.74;Normal;Yields per hectare in Bavaria 1958 - 2022, LfStat (2022)
Lower Bavaria;Summer rapeseed;3.02;0.32;1.64;4.21;Normal;Yields per hectare in Bavaria 1958 - 2022, LfStat (2022)
Lower Bavaria;Summer wheat;6.22;0.71;3.76;9.06;Normal;Yields per hectare in Bavaria 1958 - 2022, LfStat (2022)
Lower Bavaria;Sunflower;2.89;0.38;1.63;4.29;Normal;Yields per hectare in Bavaria 1958 - 2022, LfStat (2022)
Lower Bavaria;Sunflower whole crop silage;40.04;4.02;26.47;55.98;Normal;Basic data for the implementation of the Fertilizer Ordinance, for consulting and planning and for calculations (LfL, 2023)
Lower Bavaria;Szarvasi;44.06;16.56;0;109.77;Normal;Perennial crops - demonstrating suitability for cultivation throughout Bavaria, Hartmann et al. (2018)
Lower Bavaria;Triticale;6.42;0.66;3.57;9.16;Normal;Yields per hectare in Bavaria 1958 - 2022, LfStat (2022)
Lower Bavaria;Winter barley;7.33;0.61;5.21;9.75;Normal;Yields per hectare in Bavaria 1958 - 2022, LfStat (2022)
Lower Bavaria;Winter rapeseed;4.04;0.38;2.62;5.75;Normal;Yields per hectare in Bavaria 1958 - 2022, LfStat (2022)
Lower Bavaria;Winter wheat;8.08;0.59;5.6;10.06;Normal;Yields per hectare in Bavaria 1958 - 2022, LfStat (2022)
Lower Franconia;Amaranth;3.5;0.35;2.15;4.82;Normal;Basic data for the implementation of the Fertilizer Ordinance, for consulting and planning and for calculations (LfL, 2023)
Lower Franconia;Amaranth whole crop silage;35.04;3.49;22.57;48.36;Normal;Basic data for the implementation of the Fertilizer Ordinance, for consulting and planning and for calculations (LfL, 2023)
Lower Franconia;Buckwheat;2.5;0.25;1.56;3.37;Normal;Basic data for the implementation of the Fertilizer Ordinance, for consulting and planning and for calculations (LfL, 2023)
Lower Franconia;Buckwheat whole crop silage;18.01;1.81;10.76;24.46;Normal;Basic data for the implementation of the Fertilizer Ordinance, for consulting and planning and for calculations (LfL, 2023)
Lower Franconia;Cereal whole crop silage;26.36;2.79;14.31;39.81;Normal;Yields per hectare in Bavaria 1958 - 2022, LfStat (2022)
Lower Franconia;Durum wheat;5.78;0.44;4.07;7.44;Normal;Yields per hectare in Bavaria 1958 - 2022, LfStat (2022)
Lower Franconia;Fava beans;3.2;0.35;1.93;4.48;Normal;Yields per hectare in Bavaria 1958 - 2022, LfStat (2022)
Lower Franconia;Field grass;7.06;1.53;1.1;13.4;Normal;Yields per hectare in Bavaria 1958 - 2022, LfStat (2022)
Lower Franconia;Flowering mixture, year 1;4.55;0.45;2.93;6.36;Normal;Veitshöchheim hemp mix, Agrokraft GmbH, Bund Naturschutz in Bayern e.V. (2023)
Lower Franconia;Flowering mixture, year 2;5.85;0.59;3.34;7.99;Normal;Veitshöchheim hemp mix, Agrokraft GmbH, Bund Naturschutz in Bayern e.V. (2023)
Lower Franconia;Fodder peas;2.92;0.29;1.8;4.32;Normal;Yields per hectare in Bavaria 1958 - 2022, LfStat (2022)
Lower Franconia;Legume mixture;2.5;0.25;1.54;3.4;Normal;Basic data for the implementation of the Fertilizer Ordinance, for consulting and planning and for calculations (LfL, 2023)
Lower Franconia;Legume whole crop silage;8.42;1.08;4.17;12.19;Normal;Yields per hectare in Bavaria 1958 - 2022, LfStat (2022)
Lower Franconia;Lupins;2.72;0.49;0.84;4.81;Normal;Yields per hectare in Bavaria 1958 - 2022, LfStat (2022)
Lower Franconia;Maize grain;8.96;1.41;3.75;15.39;Normal;Yields per hectare in Bavaria 1958 - 2022, LfStat (2022)
Lower Franconia;Maize silage;41.99;8.67;1.8;73.91;Normal;Yields per hectare in Bavaria 1958 - 2022, LfStat (2022)
Lower Franconia;Oats;3.95;0.4;2.37;5.49;Normal;Yields per hectare in Bavaria 1958 - 2022, LfStat (2022)
Lower Franconia;Pastures, mowed pastures, alpine pastures;6.29;1.59;0;12.3;Normal;Yields per hectare in Bavaria 1958 - 2022, LfStat (2022)
Lower Franconia;Permanent grassland;6.4;0.97;2.99;10.07;Normal;Yields per hectare in Bavaria 1958 - 2022, LfStat (2022)
Lower Franconia;Potatoes;31.16;6.11;7.18;54.38;Normal;Yields per hectare in Bavaria 1958 - 2022, LfStat (2022)
Lower Franconia;Quinoa;3;0.3;1.87;4.12;Normal;Basic data for the implementation of the Fertilizer Ordinance, for consulting and planning and for calculations (LfL, 2023)
Lower Franconia;Quinoa whole crop silage;18;1.8;11.62;24.78;Normal;Basic data for the implementation of the Fertilizer Ordinance, for consulting and planning and for calculations (LfL, 2023)
Lower Franconia;Rapeseed whole crop silage;34.91;3.46;20.88;47.31;Normal;Basic data for the implementation of the Fertilizer Ordinance, for consulting and planning and for calculations (LfL, 2023)
Lower Franconia;Rye;5.08;0.56;2.78;7.11;Normal;Yields per hectare in Bavaria 1958 - 2022, LfStat (2022)
Lower Franconia;Silphia;53.63;17.5;0;118.48;Normal;Yield stability, establishment and environmental parameters of perennial energy crops - permanent crops II, Förster et al. (2021)
Lower Franconia;Sorghum;5;0.5;3.16;7.03;Normal;Variety screening of cultivars by Technology and Support Center (TFZ)
Lower Franconia;Sorghum whole crop silage;51.1;10.45;11.62;95.64;Normal;Variety screening of cultivars by Technology and Support Center (TFZ)
Lower Franconia;Soy bean;3.05;0.34;1.89;4.34;Normal;Yields per hectare in Bavaria 1958 - 2022, LfStat (2022)
Lower Franconia;Sugar beets;71.83;12.84;23.29;121.82;Normal;Yields per hectare in Bavaria 1958 - 2022, LfStat (2022)
Lower Franconia;Summer barley;5.25;0.45;3.39;6.88;Normal;Yields per hectare in Bavaria 1958 - 2022, LfStat (2022)
Lower Franconia;Summer mixed cereals;4.51;0.58;2.13;6.92;Normal;Yields per hectare in Bavaria 1958 - 2022, LfStat (2022)
Lower Franconia;Summer rapeseed;2.86;0.23;1.91;3.77;Normal;Yields per hectare in Bavaria 1958 - 2022, LfStat (2022)
Lower Franconia;Summer wheat;5.61;0.7;2.91;8.12;Normal;Yields per hectare in Bavaria 1958 - 2022, LfStat (2022)
Lower Franconia;Sunflower;2.89;0.43;1.3;4.5;Normal;Yields per hectare in Bavaria 1958 - 2022, LfStat (2022)
Lower Franconia;Sunflower whole crop silage;40.06;4.01;22.63;56.59;Normal;Basic data for the implementation of the Fertilizer Ordinance, for consulting and planning and for calculations (LfL, 2023)
Lower Franconia;Szarvasi;44.04;16.63;0;105.03;Normal;Perennial crops - demonstrating suitability for cultivation throughout Bavaria, Hartmann et al. (2018)
Lower Franconia;Triticale;5.67;0.91;1.92;8.99;Normal;Yields per hectare in Bavaria 1958 - 2022, LfStat (2022)
Lower Franconia;Winter barley;6.38;0.95;2.83;9.91;Normal;Yields per hectare in Bavaria 1958 - 2022, LfStat (2022)
Lower Franconia;Winter rapeseed;3.64;0.42;1.64;5.13;Normal;Yields per hectare in Bavaria 1958 - 2022, LfStat (2022)
Lower Franconia;Winter wheat;6.97;0.61;4.48;9.8;Normal;Yields per hectare in Bavaria 1958 - 2022, LfStat (2022)
Middle Franconia;Amaranth;3.5;0.35;2.11;4.84;Normal;Basic data for the implementation of the Fertilizer Ordinance, for consulting and planning and for calculations (LfL, 2023)
Middle Franconia;Amaranth whole crop silage;35.03;3.49;21.44;47;Normal;Basic data for the implementation of the Fertilizer Ordinance, for consulting and planning and for calculations (LfL, 2023)
Middle Franconia;Buckwheat;2.5;0.25;1.5;3.42;Normal;Basic data for the implementation of the Fertilizer Ordinance, for consulting and planning and for calculations (LfL, 2023)
Middle Franconia;Buckwheat whole crop silage;17.97;1.8;11.56;24.91;Normal;Basic data for the implementation of the Fertilizer Ordinance, for consulting and planning and for calculations (LfL, 2023)
Middle Franconia;Cereal whole crop silage;26.35;2.76;16.91;36.72;Normal;Yields per hectare in Bavaria 1958 - 2022, LfStat (2022)
Middle Franconia;Durum wheat;5.78;0.44;4.24;7.59;Normal;Yields per hectare in Bavaria 1958 - 2022, LfStat (2022)
Middle Franconia;Fava beans;3.05;0.34;1.74;4.38;Normal;Yields per hectare in Bavaria 1958 - 2022, LfStat (2022)
Middle Franconia;Field grass;7.42;1.01;3.4;11.02;Normal;Yields per hectare in Bavaria 1958 - 2022, LfStat (2022)
Middle Franconia;Flowering mixture, year 1;4.55;0.45;3.08;6.25;Normal;Veitshöchheim hemp mix, Agrokraft GmbH, Bund Naturschutz in Bayern e.V. (2023)
Middle Franconia;Flowering mixture, year 2;5.84;0.59;3.59;7.95;Normal;Veitshöchheim hemp mix, Agrokraft GmbH, Bund Naturschutz in Bayern e.V. (2023)
Middle Franconia;Fodder peas;2.68;0.53;0.66;4.77;Normal;Yields per hectare in Bavaria 1958 - 2022, LfStat (2022)
Middle Franconia;Legume mixture;2.5;0.25;1.55;3.5;Normal;Basic data for the implementation of the Fertilizer Ordinance, for consulting and planning and for calculations (LfL, 2023)
Middle Franconia;Legume whole crop silage;8.4;1.08;4.48;12.54;Normal;Yields per hectare in Bavaria 1958 - 2022, LfStat (2022)
Middle Franconia;Lupins;2.72;0.48;0.83;4.45;Normal;Yields per hectare in Bavaria 1958 - 2022, LfStat (2022)
Middle Franconia;Maize grain;8.83;1.27;3.24;13.73;Normal;Yields per hectare in Bavaria 1958 - 2022, LfStat (2022)
Middle Franconia;Maize silage;43.3;6.43;15.19;66.91;Normal;Yields per hectare in Bavaria 1958 - 2022, LfStat (2022)
Middle Franconia;Oats;3.89;0.61;1.6;6.14;Normal;Yields per hectare in Bavaria 1958 - 2022, LfStat (2022)
Middle Franconia;Pastures, mowed pastures, alpine pastures;5.4;1.13;1.16;9.83;Normal;Yields per hectare in Bavaria 1958 - 2022, LfStat (2022)
Middle Franconia;Permanent grassland;6.4;1.3;1.52;10.74;Normal;Yields per hectare in Bavaria 1958 - 2022, LfStat (2022)
Middle Franconia;Potatoes;31.51;4.75;12.63;49.16;Normal;Yields per hectare in Bavaria 1958 - 2022, LfStat (2022)
Middle Franconia;Quinoa;3;0.3;1.81;4.02;Normal;Basic data for the implementation of the Fertilizer Ordinance, for consulting and planning and for calculations (LfL, 2023)
Middle Franconia;Quinoa whole crop silage;18.01;1.82;10.28;25.09;Normal;Basic data for the implementation of the Fertilizer Ordinance, for consulting and planning and for calculations (LfL, 2023)
Middle Franconia;Rapeseed whole crop silage;34.98;3.48;23.12;48.19;Normal;Basic data for the implementation of the Fertilizer Ordinance, for consulting and planning and for calculations (LfL, 2023)
Middle Franconia;Rye;4.79;0.33;3.59;5.95;Normal;Yields per hectare in Bavaria 1958 - 2022, LfStat (2022)
Middle Franconia;Silphia;53.93;17.46;0;120.02;Normal;Yield stability, establishment and environmental parameters of perennial energy crops - permanent crops II, Förster et al. (2021)
Middle Franconia;Sorghum;5;0.5;3.11;6.79;Normal;Variety screening of cultivars by Technology and Support Center (TFZ)
Middle Franconia;Sorghum whole crop silage;51.21;10.7;9.49;89.45;Normal;Variety screening of cultivars by Technology and Support Center (TFZ)
Middle Franconia;Soy bean;3.05;0.34;1.69;4.28;Normal;Yields per hectare in Bavaria 1958 - 2022, LfStat (2022)
Middle Franconia;Sugar beets;65.06;9.99;28.07;100.18;Normal;Yields per hectare in Bavaria 1958 - 2022, LfStat (2022)
Middle Franconia;Summer barley;4.86;0.64;2.38;7.22;Normal;Yields per hectare in Bavaria 1958 - 2022, LfStat (2022)
Middle Franconia;Summer mixed cereals;4.29;0.7;1.92;7.03;Normal;Yields per hectare in Bavaria 1958 - 2022, LfStat (2022)
Middle Franconia;Summer rapeseed;2.4;0.38;0.98;3.9;Normal;Yields per hectare in Bavaria 1958 - 2022, LfStat (2022)
Middle Franconia;Summer wheat;4.77;0.3;3.48;5.89;Normal;Yields per hectare in Bavaria 1958 - 2022, LfStat (2022)
Middle Franconia;Sunflower;2.85;0.18;2.14;3.64;Normal;Yields per hectare in Bavaria 1958 - 2022, LfStat (2022)
Middle Franconia;Sunflower whole crop silage;40;3.98;24.73;56.2;Normal;Basic data for the implementation of the Fertilizer Ordinance, for consulting and planning and for calculations (LfL, 2023)
Middle Franconia;Szarvasi;44.11;16.63;0;109.98;Normal;Perennial crops - demonstrating suitability for cultivation throughout Bavaria, Hartmann et al. (2018)
Middle Franconia;Triticale;5.71;0.63;3.16;8.37;Normal;Yields per hectare in Bavaria 1958 - 2022, LfStat (2022)
Middle Franconia;Winter barley;5.87;0.73;3.24;8.43;Normal;Yields per hectare in Bavaria 1958 - 2022, LfStat (2022)
Middle Franconia;Winter rapeseed;3.4;0.52;1.49;5.26;Normal;Yields per hectare in Bavaria 1958 - 2022, LfStat (2022)
Middle Franconia;Winter wheat;6.43;0.72;3.68;9.23;Normal;Yields per hectare in Bavaria 1958 - 2022, LfStat (2022)
Swabia;Amaranth;3.5;0.35;2.1;4.77;Normal;Basic data for the implementation of the Fertilizer Ordinance, for consulting and planning and for calculations (LfL, 2023)
Swabia;Amaranth whole crop silage;34.99;3.53;20.36;48.55;Normal;Basic data for the implementation of the Fertilizer Ordinance, for consulting and planning and for calculations (LfL, 2023)
Swabia;Buckwheat;2.5;0.25;1.55;3.56;Normal;Basic data for the implementation of the Fertilizer Ordinance, for consulting and planning and for calculations (LfL, 2023)
Swabia;Buckwheat whole crop silage;18.01;1.79;11.47;25.04;Normal;Basic data for the implementation of the Fertilizer Ordinance, for consulting and planning and for calculations (LfL, 2023)
Swabia;Cereal whole crop silage;26.38;2.76;15.85;36.84;Normal;Yields per hectare in Bavaria 1958 - 2022, LfStat (2022)
Swabia;Durum wheat;5.77;0.44;4.12;7.42;Normal;Yields per hectare in Bavaria 1958 - 2022, LfStat (2022)
Swabia;Fava beans;3.72;0.44;2.11;5.25;Normal;Yields per hectare in Bavaria 1958 - 2022, LfStat (2022)
Swabia;Field grass;8.8;1.16;4.71;12.97;Normal;Yields per hectare in Bavaria 1958 - 2022, LfStat (2022)
Swabia;Flowering mixture, year 1;4.56;0.46;2.79;6.58;Normal;Veitshöchheim hemp mix, Agrokraft GmbH, Bund Naturschutz in Bayern e.V. (2023)
Swabia;Flowering mixture, year 2;5.85;0.59;3.88;8.04;Normal;Veitshöchheim hemp mix, Agrokraft GmbH, Bund Naturschutz in Bayern e.V. (2023)
Swabia;Fodder peas;3.57;0.36;2.13;4.95;Normal;Yields per hectare in Bavaria 1958 - 2022, LfStat (2022)
Swabia;Legume mixture;2.5;0.25;1.55;3.49;Normal;Basic data for the implementation of the Fertilizer Ordinance, for consulting and planning and for calculations (LfL, 2023)
Swabia;Legume whole crop silage;8.44;1.09;4.26;12.5;Normal;Yields per hectare in Bavaria 1958 - 2022, LfStat (2022)
Swabia;Lupins;2.73;0.49;0.91;4.41;Normal;Yields per hectare in Bavaria 1958 - 2022, LfStat (2022)
Swabia;Maize grain;10.19;1.05;6.43;14.28;Normal;Yields per hectare in Bavaria 1958 - 2022, LfStat (2022)
Swabia;Maize silage;48.69;4.34;33.86;64.31;Normal;Yields per hectare in Bavaria 1958 - 2022, LfStat (2022)
Swabia;Oats;5.57;0.76;2.7;8.8;Normal;Yields per hectare in Bavaria 1958 - 2022, LfStat (2022)
Swabia;Pastures, mowed pastures, alpine pastures;6.91;0.56;4.71;9.05;Normal;Yields per hectare in Bavaria 1958 - 2022, LfStat (2022)
Swabia;Permanent grassland;8.36;1.05;4.55;12.39;Normal;Yields per hectare in Bavaria 1958 - 2022, LfStat (2022)
Swabia;Potatoes;42.45;5.16;18.57;60.91;Normal;Yields per hectare in Bavaria 1958 - 2022, LfStat (2022)
Swabia;Quinoa;3;0.3;1.89;4.37;Normal;Basic data for the implementation of the Fertilizer Ordinance, for consulting and planning and for calculations (LfL, 2023)
Swabia;Quinoa whole crop silage;17.97;1.8;9.94;25.43;Normal;Basic data for the implementation of the Fertilizer Ordinance, for consulting and planning and for calculations (LfL, 2023)
Swabia;Rapeseed whole crop silage;34.98;3.47;21.18;47.39;Normal;Basic data for the implementation of the Fertilizer Ordinance, for consulting and planning and for calculations (LfL, 2023)
Swabia;Rye;5.42;0.29;4.16;6.57;Normal;Yields per hectare in Bavaria 1958 - 2022, LfStat (2022)
Swabia;Silphia;53.92;17.84;0;123.55;Normal;Yield stability, establishment and environmental parameters of perennial energy crops - permanent crops II, Förster et al. (2021)
Swabia;Sorghum;4.99;0.5;2.78;7.11;Normal;Variety screening of cultivars by Technology and Support Center (TFZ)
Swabia;Sorghum whole crop silage;50.98;10.39;4.79;100.54;Normal;Variety screening of cultivars by Technology and Support Center (TFZ)
Swabia;Soy bean;3.05;0.33;1.8;4.27;Normal;Yields per hectare in Bavaria 1958 - 2022, LfStat (2022)
Swabia;Sugar beets;85.32;8.7;53.16;128.18;Normal;Yields per hectare in Bavaria 1958 - 2022, LfStat (2022)
Swabia;Summer barley;6.12;0.48;4.01;7.95;Normal;Yields per hectare in Bavaria 1958 - 2022, LfStat (2022)
Swabia;Summer mixed cereals;5.29;0.23;4.32;6.22;Normal;Yields per hectare in Bavaria 1958 - 2022, LfStat (2022)
Swabia;Summer rapeseed;2.87;0.3;1.79;4.31;Normal;Yields per hectare in Bavaria 1958 - 2022, LfStat (2022)
Swabia;Summer wheat;6.8;0.48;5.04;8.65;Normal;Yields per hectare in Bavaria 1958 - 2022, LfStat (2022)
Swabia;Sunflower;2.87;0.31;1.56;3.98;Normal;Yields per hectare in Bavaria 1958 - 2022, LfStat (2022)
Swabia;Sunflower whole crop silage;40.04;4.06;24.31;55.53;Normal;Basic data for the implementation of the Fertilizer Ordinance, for consulting and planning and for calculations (LfL, 2023)
Swabia;Szarvasi;44.07;16.42;0;105.09;Normal;Perennial crops - demonstrating suitability for cultivation throughout Bavaria, Hartmann et al. (2018)
Swabia;Triticale;7.04;0.58;4.78;9.23;Normal;Yields per hectare in Bavaria 1958 - 2022, LfStat (2022)
Swabia;Winter barley;7.57;0.49;5.73;9.42;Normal;Yields per hectare in Bavaria 1958 - 2022, LfStat (2022)
Swabia;Winter rapeseed;4.18;0.35;2.95;5.48;Normal;Yields per hectare in Bavaria 1958 - 2022, LfStat (2022)
Swabia;Winter wheat;8.26;0.5;6.37;10.1;Normal;Yields per hectare in Bavaria 1958 - 2022, LfStat (2022)
Upper Bavaria;Amaranth;3.5;0.35;2.2;5.1;Normal;Basic data for the implementation of the Fertilizer Ordinance, for consulting and planning and for calculations (LfL, 2023)
Upper Bavaria;Amaranth whole crop silage;34.93;3.47;19.58;50.05;Normal;Basic data for the implementation of the Fertilizer Ordinance, for consulting and planning and for calculations (LfL, 2023)
Upper Bavaria;Buckwheat;2.5;0.25;1.57;3.42;Normal;Basic data for the implementation of the Fertilizer Ordinance, for consulting and planning and for calculations (LfL, 2023)
Upper Bavaria;Buckwheat whole crop silage;17.96;1.79;11.82;24.34;Normal;Basic data for the implementation of the Fertilizer Ordinance, for consulting and planning and for calculations (LfL, 2023)
Upper Bavaria;Cereal whole crop silage;26.33;2.77;16.84;39.27;Normal;Yields per hectare in Bavaria 1958 - 2022, LfStat (2022)
Upper Bavaria;Durum wheat;5.78;0.44;4.03;7.4;Normal;Yields per hectare in Bavaria 1958 - 2022, LfStat (2022)
Upper Bavaria;Fava beans;3.38;0.35;2.02;4.64;Normal;Yields per hectare in Bavaria 1958 - 2022, LfStat (2022)
Upper Bavaria;Field grass;8.83;1.39;3.19;15.07;Normal;Yields per hectare in Bavaria 1958 - 2022, LfStat (2022)
Upper Bavaria;Flowering mixture, year 1;4.55;0.45;3;6.21;Normal;Veitshöchheim hemp mix, Agrokraft GmbH, Bund Naturschutz in Bayern e.V. (2023)
Upper Bavaria;Flowering mixture, year 2;5.85;0.59;3.26;8.22;Normal;Veitshöchheim hemp mix, Agrokraft GmbH, Bund Naturschutz in Bayern e.V. (2023)
Upper Bavaria;Fodder peas;3.28;0.35;2.07;4.77;Normal;Yields per hectare in Bavaria 1958 - 2022, LfStat (2022)
Upper Bavaria;Legume mixture;2.5;0.25;1.58;3.4;Normal;Basic data for the implementation of the Fertilizer Ordinance, for consulting and planning and for calculations (LfL, 2023)
Upper Bavaria;Legume whole crop silage;8.42;1.07;4.54;12.6;Normal;Yields per hectare in Bavaria 1958 - 2022, LfStat (2022)
Upper Bavaria;Lupins;2.72;0.49;1.03;4.61;Normal;Yields per hectare in Bavaria 1958 - 2022, LfStat (2022)
Upper Bavaria;Maize grain;10.1;0.95;6.48;13.67;Normal;Yields per hectare in Bavaria 1958 - 2022, LfStat (2022)
Upper Bavaria;Maize silage;50.78;4.56;32.52;68.58;Normal;Yields per hectare in Bavaria 1958 - 2022, LfStat (2022)
Upper Bavaria;Oats;4.98;0.42;3.35;6.49;Normal;Yields per hectare in Bavaria 1958 - 2022, LfStat (2022)
Upper Bavaria;Pastures, mowed pastures, alpine pastures;6.41;0.61;4.04;8.6;Normal;Yields per hectare in Bavaria 1958 - 2022, LfStat (2022)
Upper Bavaria;Permanent grassland;7.72;0.75;4.78;10.71;Normal;Yields per hectare in Bavaria 1958 - 2022, LfStat (2022)
Upper Bavaria;Potatoes;41.21;5.26;19.1;68.43;Normal;Yields per hectare in Bavaria 1958 - 2022, LfStat (2022)
Upper Bavaria;Quinoa;3;0.3;1.65;4.01;Normal;Basic data for the implementation of the Fertilizer Ordinance, for consulting and planning and for calculations (LfL, 2023)
Upper Bavaria;Quinoa whole crop silage;18;1.81;11.22;24.32;Normal;Basic data for the implementation of the Fertilizer Ordinance, for consulting and planning and for calculations (LfL, 2023)
Upper Bavaria;Rapeseed whole crop silage;34.97;3.52;18.57;48.24;Normal;Basic data for the implementation of the Fertilizer Ordinance, for consulting and planning and for calculations (LfL, 2023)
Upper Bavaria;Rye;5.91;0.5;3.94;7.99;Normal;Yields per hectare in Bavaria 1958 - 2022, LfStat (2022)
Upper Bavaria;Silphia;53.94;17.67;0;130.37;Normal;Yield stability, establishment and environmental parameters of perennial energy crops - permanent crops II, Förster et al. (2021)
Upper Bavaria;Sorghum;5;0.5;3.08;7.19;Normal;Variety screening of cultivars by Technology and Support Center (TFZ)
Upper Bavaria;Sorghum whole crop silage;51.02;10.54;11.05;91.58;Normal;Variety screening of cultivars by Technology and Support Center (TFZ)
Upper Bavaria;Soy bean;3.05;0.34;1.77;4.42;Normal;Yields per hectare in Bavaria 1958 - 2022, LfStat (2022)
Upper Bavaria;Sugar beets;81.7;8.08;52.69;111.59;Normal;Yields per hectare in Bavaria 1958 - 2022, LfStat (2022)
Upper Bavaria;Summer barley;5.9;0.44;4.18;7.51;Normal;Yields per hectare in Bavaria 1958 - 2022, LfStat (2022)
Upper Bavaria;Summer mixed cereals;4.8;0.74;1.94;7.76;Normal;Yields per hectare in Bavaria 1958 - 2022, LfStat (2022)
Upper Bavaria;Summer rapeseed;2.68;0.27;1.69;3.69;Normal;Yields per hectare in Bavaria 1958 - 2022, LfStat (2022)
Upper Bavaria;Summer wheat;5.98;0.48;4.3;7.72;Normal;Yields per hectare in Bavaria 1958 - 2022, LfStat (2022)
Upper Bavaria;Sunflower;2.89;0.25;1.87;3.9;Normal;Yields per hectare in Bavaria 1958 - 2022, LfStat (2022)
Upper Bavaria;Sunflower whole crop silage;40.02;3.94;21.4;54.92;Normal;Basic data for the implementation of the Fertilizer Ordinance, for consulting and planning and for calculations (LfL, 2023)
Upper Bavaria;Szarvasi;44.12;16.56;0;108.39;Normal;Perennial crops - demonstrating suitability for cultivation throughout Bavaria, Hartmann et al. (2018)
Upper Bavaria;Triticale;6.2;0.52;4.26;8.18;Normal;Yields per hectare in Bavaria 1958 - 2022, LfStat (2022)
Upper Bavaria;Winter barley;7.13;0.55;5.13;9.21;Normal;Yields per hectare in Bavaria 1958 - 2022, LfStat (2022)
Upper Bavaria;Winter rapeseed;4.03;0.33;2.65;5.37;Normal;Yields per hectare in Bavaria 1958 - 2022, LfStat (2022)
Upper Bavaria;Winter wheat;7.85;0.44;6.14;9.46;Normal;Yields per hectare in Bavaria 1958 - 2022, LfStat (2022)
Upper Franconia;Amaranth;3.5;0.35;2.18;4.99;Normal;Basic data for the implementation of the Fertilizer Ordinance, for consulting and planning and for calculations (LfL, 2023)
Upper Franconia;Amaranth whole crop silage;35.02;3.53;22.24;50.41;Normal;Basic data for the implementation of the Fertilizer Ordinance, for consulting and planning and for calculations (LfL, 2023)
Upper Franconia;Buckwheat;2.5;0.25;1.4;3.34;Normal;Basic data for the implementation of the Fertilizer Ordinance, for consulting and planning and for calculations (LfL, 2023)
Upper Franconia;Buckwheat whole crop silage;18;1.79;11.21;24.72;Normal;Basic data for the implementation of the Fertilizer Ordinance, for consulting and planning and for calculations (LfL, 2023)
Upper Franconia;Cereal whole crop silage;26.33;2.75;16.35;36.22;Normal;Yields per hectare in Bavaria 1958 - 2022, LfStat (2022)
Upper Franconia;Durum wheat;5.78;0.44;4.29;7.52;Normal;Yields per hectare in Bavaria 1958 - 2022, LfStat (2022)
Upper Franconia;Fava beans;3.42;0.33;2.12;4.82;Normal;Yields per hectare in Bavaria 1958 - 2022, LfStat (2022)
Upper Franconia;Field grass;7.22;1.15;2.78;11.64;Normal;Yields per hectare in Bavaria 1958 - 2022, LfStat (2022)
Upper Franconia;Flowering mixture, year 1;4.55;0.45;2.89;6.32;Normal;Veitshöchheim hemp mix, Agrokraft GmbH, Bund Naturschutz in Bayern e.V. (2023)
Upper Franconia;Flowering mixture, year 2;5.86;0.58;3.82;8.07;Normal;Veitshöchheim hemp mix, Agrokraft GmbH, Bund Naturschutz in Bayern e.V. (2023)
Upper Franconia;Fodder peas;3.04;0.42;1.35;4.61;Normal;Yields per hectare in Bavaria 1958 - 2022, LfStat (2022)
Upper Franconia;Legume mixture;2.5;0.25;1.58;3.49;Normal;Basic data for the implementation of the Fertilizer Ordinance, for consulting and planning and for calculations (LfL, 2023)
Upper Franconia;Legume whole crop silage;8.4;1.08;4.48;12.68;Normal;Yields per hectare in Bavaria 1958 - 2022, LfStat (2022)
Upper Franconia;Lupins;2.73;0.49;1.03;4.55;Normal;Yields per hectare in Bavaria 1958 - 2022, LfStat (2022)
Upper Franconia;Maize grain;8.77;1.63;2.04;14.44;Normal;Yields per hectare in Bavaria 1958 - 2022, LfStat (2022)
Upper Franconia;Maize silage;41.64;7.66;12.54;75.83;Normal;Yields per hectare in Bavaria 1958 - 2022, LfStat (2022)
Upper Franconia;Oats;4.2;0.22;3.31;5.35;Normal;Yields per hectare in Bavaria 1958 - 2022, LfStat (2022)
Upper Franconia;Pastures, mowed pastures, alpine pastures;6.08;1.32;1.01;11.44;Normal;Yields per hectare in Bavaria 1958 - 2022, LfStat (2022)
Upper Franconia;Permanent grassland;7.5;1.25;2.6;12.46;Normal;Yields per hectare in Bavaria 1958 - 2022, LfStat (2022)
Upper Franconia;Potatoes;30.79;9.23;0;68.3;Normal;Yields per hectare in Bavaria 1958 - 2022, LfStat (2022)
Upper Franconia;Quinoa;3;0.3;1.84;4.16;Normal;Basic data for the implementation of the Fertilizer Ordinance, for consulting and planning and for calculations (LfL, 2023)
Upper Franconia;Quinoa whole crop silage;18;1.8;10.59;24.79;Normal;Basic data for the implementation of the Fertilizer Ordinance, for consulting and planning and for calculations (LfL, 2023)
Upper Franconia;Rapeseed whole crop silage;34.95;3.47;21.18;53.62;Normal;Basic data for the implementation of the Fertilizer Ordinance, for consulting and planning and for calculations (LfL, 2023)
Upper Franconia;Rye;5.08;0.45;3.36;6.88;Normal;Yields per hectare in Bavaria 1958 - 2022, LfStat (2022)
Upper Franconia;Silphia;54.07;17.86;0;130.02;Normal;Yield stability, establishment and environmental parameters of perennial energy crops - permanent crops II, Förster et al. (2021)
Upper Franconia;Sorghum;5;0.5;3.18;6.8;Normal;Variety screening of cultivars by Technology and Support Center (TFZ)
Upper Franconia;Sorghum whole crop silage;51.14;10.62;6.59;89.73;Normal;Variety screening of cultivars by Technology and Support Center (TFZ)
Upper Franconia;Soy bean;3.05;0.33;1.85;4.31;Normal;Yields per hectare in Bavaria 1958 - 2022, LfStat (2022)
Upper Franconia;Sugar beets;71.8;13.16;24.99;117.81;Normal;Yields per hectare in Bavaria 1958 - 2022, LfStat (2022)
Upper Franconia;Summer barley;4.65;0.44;2.72;6.29;Normal;Yields per hectare in Bavaria 1958 - 2022, LfStat (2022)
Upper Franconia;Summer mixed cereals;4.5;0.23;3.63;5.37;Normal;Yields per hectare in Bavaria 1958 - 2022, LfStat (2022)
Upper Franconia;Summer rapeseed;2.77;0.3;1.69;4.1;Normal;Yields per hectare in Bavaria 1958 - 2022, LfStat (2022)
Upper Franconia;Summer wheat;5.34;0.3;4.25;6.46;Normal;Yields per hectare in Bavaria 1958 - 2022, LfStat (2022)
Upper Franconia;Sunflower;2.9;0.17;2.23;3.59;Normal;Yields per hectare in Bavaria 1958 - 2022, LfStat (2022)
Upper Franconia;Sunflower whole crop silage;39.93;4.03;21.89;56.15;Normal;Basic data for the implementation of the Fertilizer Ordinance, for consulting and planning and for calculations (LfL, 2023)
Upper Franconia;Szarvasi;44.14;16.59;0;104.97;Normal;Perennial crops - demonstrating suitability for cultivation throughout Bavaria, Hartmann et al. (2018)
Upper Franconia;Triticale;6.21;0.53;3.97;8.08;Normal;Yields per hectare in Bavaria 1958 - 2022, LfStat (2022)
Upper Franconia;Winter barley;6.43;0.83;3.3;9.46;Normal;Yields per hectare in Bavaria 1958 - 2022, LfStat (2022)
Upper Franconia;Winter rapeseed;3.72;0.37;2.33;5.24;Normal;Yields per hectare in Bavaria 1958 - 2022, LfStat (2022)
Upper Franconia;Winter wheat;7.03;0.42;5.36;8.55;Normal;Yields per hectare in Bavaria 1958 - 2022, LfStat (2022)
Upper Palatinate;Amaranth;3.5;0.35;2.17;4.8;Normal;Basic data for the implementation of the Fertilizer Ordinance, for consulting and planning and for calculations (LfL, 2023)
Upper Palatinate;Amaranth whole crop silage;35.01;3.55;22.14;48.29;Normal;Basic data for the implementation of the Fertilizer Ordinance, for consulting and planning and for calculations (LfL, 2023)
Upper Palatinate;Buckwheat;2.5;0.25;1.53;3.46;Normal;Basic data for the implementation of the Fertilizer Ordinance, for consulting and planning and for calculations (LfL, 2023)
Upper Palatinate;Buckwheat whole crop silage;18.01;1.8;11.24;24.65;Normal;Basic data for the implementation of the Fertilizer Ordinance, for consulting and planning and for calculations (LfL, 2023)
Upper Palatinate;Cereal whole crop silage;26.39;2.76;15.25;36.63;Normal;Yields per hectare in Bavaria 1958 - 2022, LfStat (2022)
Upper Palatinate;Durum wheat;5.78;0.44;3.98;7.41;Normal;Yields per hectare in Bavaria 1958 - 2022, LfStat (2022)
Upper Palatinate;Fava beans;2.81;0.62;0.64;5.15;Normal;Yields per hectare in Bavaria 1958 - 2022, LfStat (2022)
Upper Palatinate;Field grass;7.14;1.1;2.65;11.66;Normal;Yields per hectare in Bavaria 1958 - 2022, LfStat (2022)
Upper Palatinate;Flowering mixture, year 1;4.54;0.45;2.92;6.28;Normal;Veitshöchheim hemp mix, Agrokraft GmbH, Bund Naturschutz in Bayern e.V. (2023)
Upper Palatinate;Flowering mixture, year 2;5.86;0.58;3.57;8.14;Normal;Veitshöchheim hemp mix, Agrokraft GmbH, Bund Naturschutz in Bayern e.V. (2023)
Upper Palatinate;Fodder peas;3.3;0.37;1.95;4.75;Normal;Yields per hectare in Bavaria 1958 - 2022, LfStat (2022)
Upper Palatinate;Legume mixture;2.5;0.25;1.48;3.37;Normal;Basic data for the implementation of the Fertilizer Ordinance, for consulting and planning and for calculations (LfL, 2023)
Upper Palatinate;Legume whole crop silage;8.42;1.07;4.19;12.39;Normal;Yields per hectare in Bavaria 1958 - 2022, LfStat (2022)
Upper Palatinate;Lupins;2.73;0.49;0.83;4.72;Normal;Yields per hectare in Bavaria 1958 - 2022, LfStat (2022)
Upper Palatinate;Maize grain;9.45;1.44;3.11;14.97;Normal;Yields per hectare in Bavaria 1958 - 2022, LfStat (2022)
Upper Palatinate;Maize silage;44.32;6.12;24.42;66.11;Normal;Yields per hectare in Bavaria 1958 - 2022, LfStat (2022)
Upper Palatinate;Oats;4.4;0.48;2.45;6.39;Normal;Yields per hectare in Bavaria 1958 - 2022, LfStat (2022)
Upper Palatinate;Pastures, mowed pastures, alpine pastures;5.98;0.84;3.13;9.35;Normal;Yields per hectare in Bavaria 1958 - 2022, LfStat (2022)
Upper Palatinate;Permanent grassland;6.8;0.96;3.43;10.28;Normal;Yields per hectare in Bavaria 1958 - 2022, LfStat (2022)
Upper Palatinate;Potatoes;38.5;5.94;16.95;61.05;Normal;Yields per hectare in Bavaria 1958 - 2022, LfStat (2022)
Upper Palatinate;Quinoa;3;0.3;1.87;4.1;Normal;Basic data for the implementation of the Fertilizer Ordinance, for consulting and planning and for calculations (LfL, 2023)
Upper Palatinate;Quinoa whole crop silage;17.95;1.78;11.6;24.82;Normal;Basic data for the implementation of the Fertilizer Ordinance, for consulting and planning and for calculations (LfL, 2023)
Upper Palatinate;Rapeseed whole crop silage;35.08;3.54;22.15;47.61;Normal;Basic data for the implementation of the Fertilizer Ordinance, for consulting and planning and for calculations (LfL, 2023)
Upper Palatinate;Rye;5.5;0.46;3.73;7.46;Normal;Yields per hectare in Bavaria 1958 - 2022, LfStat (2022)
Upper Palatinate;Silphia;54.4;17.55;0;123.99;Normal;Yield stability, establishment and environmental parameters of perennial energy crops - permanent crops II, Förster et al. (2021)
Upper Palatinate;Sorghum;5;0.5;2.8;6.89;Normal;Variety screening of cultivars by Technology and Support Center (TFZ)
Upper Palatinate;Sorghum whole crop silage;50.94;10.6;5.34;93.9;Normal;Variety screening of cultivars by Technology and Support Center (TFZ)
Upper Palatinate;Soy bean;3.05;0.34;1.91;4.34;Normal;Yields per hectare in Bavaria 1958 - 2022, LfStat (2022)
Upper Palatinate;Sugar beets;83.77;7.02;58.2;113.75;Normal;Yields per hectare in Bavaria 1958 - 2022, LfStat (2022)
Upper Palatinate;Summer barley;4.99;0.54;2.94;7.16;Normal;Yields per hectare in Bavaria 1958 - 2022, LfStat (2022)
Upper Palatinate;Summer mixed cereals;4.69;0.61;2.32;6.7;Normal;Yields per hectare in Bavaria 1958 - 2022, LfStat (2022)
Upper Palatinate;Summer rapeseed;2.72;0.29;1.75;3.76;Normal;Yields per hectare in Bavaria 1958 - 2022, LfStat (2022)
Upper Palatinate;Summer wheat;5.87;0.47;4.2;7.71;Normal;Yields per hectare in Bavaria 1958 - 2022, LfStat (2022)
Upper Palatinate;Sunflower;2.77;0.16;2.13;3.37;Normal;Yields per hectare in Bavaria 1958 - 2022, LfStat (2022)
Upper Palatinate;Sunflower whole crop silage;40.05;4.04;23.75;58.38;Normal;Basic data for the implementation of the Fertilizer Ordinance, for consulting and planning and for calculations (LfL, 2023)
Upper Palatinate;Szarvasi;43.86;16.36;0;106.7;Normal;Perennial crops - demonstrating suitability for cultivation throughout Bavaria, Hartmann et al. (2018)
Upper Palatinate;Triticale;6.2;0.54;4.22;8.41;Normal;Yields per hectare in Bavaria 1958 - 2022, LfStat (2022)
Upper Palatinate;Winter barley;6.48;0.73;3.73;9.14;Normal;Yields per hectare in Bavaria 1958 - 2022, LfStat (2022)
Upper Palatinate;Winter rapeseed;3.79;0.35;2.53;5.08;Normal;Yields per hectare in Bavaria 1958 - 2022, LfStat (2022)
Upper Palatinate;Winter wheat;7.54;0.47;5.74;9.25;Normal;Yields per hectare in Bavaria 1958 - 2022, LfStat (2022)
